bedrooms,yard_size,features,modern,price
4,4694.532271176256,views,1,258465.249621612
5,3043.0993261514404,pool,1,697874.6116937969
3,3634.9287074460153,pool,0,984942.2694098356
5,4651.247215297831,views,1,352086.1198269821
5,3682.5738544102937,none,1,834076.0930307066
2,1186.425693114176,views,0,926319.0350236954
3,3093.2976207506595,none,1,954961.2742561767
3,3230.2177087228515,pool,0,968108.4835243578
3,2408.588020860737,pool,0,617167.7109771776
5,3813.999060311253,none,0,981846.326393203
4,4704.651566460567,pool,0,805848.1657075511
3,4665.058308080494,none,1,329337.1489895695
5,2528.777171318595,gym,1,581520.0851743759
2,1009.5712062833986,views,1,774664.9402976031
4,4931.785395330506,gym,0,397872.25265526667
2,4275.041389006703,none,1,712492.14683911
4,1060.9820654147009,views,1,733280.3832372954
5,4643.788471778175,none,0,330159.7950468527
1,4414.533629279577,views,0,652068.2499622051
4,2834.7712570673243,views,1,817301.5287828861
2,3160.7394608521818,views,0,599116.5316287535
5,2295.512167415586,views,0,209682.49342088593
4,746.427374699141,none,0,207230.77526343375
1,2008.387587406554,views,0,485623.47517600976
1,4112.840518691051,views,1,940955.2547454255
3,520.8441035207129,gym,0,382941.423682887
3,2000.7462726101487,pool,0,707490.9510973496
2,2291.759121159245,pool,0,377660.6965546565
4,2918.280213220653,gym,0,457335.9917276389
4,4639.3502738574225,gym,0,878433.6716811872
3,2058.5569746468254,none,0,783089.1538159575
4,2061.2894085330245,none,0,276319.4218505685
4,3818.755616493868,none,0,542961.6167891469
1,2534.9807340041325,gym,1,223335.81091621157
3,1510.7217032299188,gym,0,584712.1172824071
5,2535.9778225971204,views,1,729947.2093608545
3,1133.8565917090993,none,0,294802.09887852124
5,1293.741439278005,none,0,431107.9511273325
1,2742.654977327659,none,0,518269.3004017255
2,2385.1645227704657,pool,0,935624.8197248398
4,4616.806554806451,views,1,994604.0123383712
1,2130.772546024849,none,0,235929.0391964927
4,3112.6475762511955,none,0,808806.3387963136
2,3345.1892956378865,none,1,497379.2531218746
2,558.9250546475014,pool,1,513966.54898358404
1,3485.918174075198,pool,0,803411.9786776182
2,1301.1618509138814,gym,1,934741.1457163269
5,4824.816428612548,views,1,960742.8756020387
2,1168.9822748890083,gym,1,661698.0688306566
4,2365.808556771607,views,0,485696.9274404023
4,884.0735063538973,pool,0,830039.2686870234
4,4985.934133306763,none,0,400801.1066098402
4,2759.8775464905916,gym,1,651259.2230668142
5,3179.232577940197,none,0,486862.7692198985
3,801.8441482479236,gym,1,725304.8589663008
1,3874.8221167963,pool,0,392319.13031480554
4,1444.575168930136,pool,0,353274.3565878606
2,4541.244302483212,pool,1,934591.2693403497
4,1423.1283821690322,gym,0,281442.9463596295
2,1358.0947429864996,views,1,604766.3261879453
2,664.473505316427,gym,1,376682.22637040715
4,2624.3012529949965,views,0,231143.97066053396
5,3041.7850996817738,gym,1,228815.05463314112
2,795.6888774275856,gym,0,340177.41768466186
2,3989.8742751275477,pool,0,893416.2836048002
4,2539.7997563661243,none,1,425982.9951816213
2,2859.75621197411,none,0,960367.3364602366
2,2483.432361222027,views,1,665297.8343913548
4,2303.4337739389666,none,0,549291.3518150129
4,3018.3814908869804,gym,0,664071.0677355637
1,1198.5811066882063,gym,0,613358.7081810143
5,1318.67658722872,pool,0,807021.0030058601
5,4378.035294560828,pool,0,425996.8527782818
2,4757.519579601348,none,1,482440.3132802419
5,2179.8919232588883,views,1,915275.4420266006
2,1718.351029145992,none,1,957165.2105203244
1,3397.9979445755707,none,1,914046.5819891796
4,2339.3037699414335,none,1,535558.3951658509
4,614.2386004715519,none,1,824292.4024055053
4,1202.6866881478568,gym,0,581068.586640879
5,3721.875029813289,views,0,598031.8817168818
1,3465.157738595681,gym,1,363744.0872458272
5,621.9319662656757,views,1,672904.2426068131
5,1498.8747286982725,pool,0,348908.71820267837
1,1539.8365846463212,none,0,465251.75925375504
1,3523.5173461942777,gym,0,884024.1612959481
1,588.6974198946386,views,1,365660.6473686842
1,968.4886189305823,pool,1,256926.62813874625
4,4099.622384179353,pool,1,255206.07409025304
3,1303.4509792445012,none,0,952627.6164024863
3,3437.357485333436,views,0,605536.3503694676
1,1571.8225147102694,gym,1,527529.6574536146
3,947.4862674170532,none,1,848702.8648063347
3,1594.2748594975433,gym,0,868660.7423284128
1,3750.2011933504664,pool,0,465752.82649248367
3,4350.634106478286,gym,0,754894.4459790362
5,4235.989390551462,gym,0,816898.2526815092
2,2287.325883283047,none,1,723720.5494927636
2,3506.383114567908,gym,0,321276.0598400795
1,1422.4293293711944,none,0,900706.4668136456
4,1819.1647861745596,pool,0,631275.642188807
1,4533.511183345039,none,1,425977.94109600293
4,558.5086557983121,none,1,540182.5483501551
2,884.7883888451063,views,0,230056.87231912592
1,1435.4881481571229,gym,0,302293.44097793405
5,619.3949174321888,pool,0,812437.4004126887
3,1316.459457904088,none,1,200009.3078042929
4,3123.687024363615,pool,1,533252.6627858337
3,2396.4104776662407,views,1,618008.1448684707
3,4517.022699846387,gym,0,243707.53600077785
1,4178.496027822985,none,1,978462.5303778662
3,2038.178082640442,gym,0,380900.26499973756
5,1667.4054504408161,views,0,443358.9757090247
3,2208.6158367527014,views,0,443154.00980402186
1,3156.3272413166346,pool,1,384333.32969387993
5,1706.286383702943,none,0,201179.05766904913
2,3308.670085321103,pool,1,783475.8352703971
3,2342.352434860582,views,1,973476.3998394283
1,2984.212313833911,gym,0,379434.78662803606
2,2462.569381108925,pool,0,730437.753442738
2,1825.0959179386296,pool,1,793517.061566972
4,4768.039881329705,gym,0,878740.3032724198
5,3936.2260737189235,pool,1,538103.3576108874
3,1130.5092909490363,gym,0,442344.7245123434
1,4408.105891540607,none,1,460236.1072184249
4,2693.4403921228113,gym,1,770097.0664788103
5,4525.485021023411,none,1,853423.5732045089
4,4099.348651762919,gym,1,345291.1742052821
5,2413.4607701115506,views,0,496752.80652621214
5,601.1118874405283,views,0,921552.15739932
3,1709.0481172322573,none,1,845354.8157557914
5,2937.3539659739013,none,1,987886.7222099807
4,3350.6519892176625,views,0,803398.6077456647
5,1660.4945844494102,none,0,514556.16082233784
3,1127.1023333277085,gym,0,672510.2671957102
3,4257.186065596847,gym,0,728811.4033978563
4,4929.809813165984,views,0,262764.6530536992
2,2865.6058203620864,pool,0,635597.5672830921
2,1272.5567863173658,gym,1,767456.6627780877
5,1725.3829693371604,none,0,333857.0432008483
1,582.7580444636003,pool,0,824505.3739404457
5,4614.344629522246,pool,1,667018.2244112893
4,1029.879873005635,gym,0,961777.4285580757
4,3094.324139814141,gym,0,233937.83856551335
4,1733.248493092427,pool,0,412260.9100443736
4,2993.8010113210703,pool,0,681243.1034398592
4,3431.391747583389,views,0,437247.9297647446
3,4233.838116682407,none,1,771539.3312569938
2,1428.8957229227144,views,0,807204.2260175447
4,549.4812289631622,gym,1,282012.7712531795
1,1115.9853353096328,views,1,611083.5713654142
1,4550.083888316472,views,0,607112.4444728447
1,4432.5053490313185,views,1,495424.61617243284
1,3188.358959766387,views,0,946339.8900557377
3,3202.32587195144,none,1,862005.055898577
1,3492.6650354581498,none,1,757767.5055277094
4,1289.1707538055232,pool,0,771461.308587998
5,4614.853756662319,gym,0,569372.9150504953
1,2384.467362014329,views,0,936795.6168772607
3,2224.1233771227385,pool,0,755676.3418026284
3,2835.129673772769,pool,0,783184.8493246532
1,711.3468504877477,pool,1,889352.7230298762
5,1248.2751594023573,none,1,419257.2714737528
1,3821.151273918667,views,1,845656.7230933624
3,872.5940056630691,views,1,356192.48236519366
2,3214.184492598747,gym,1,476273.5617959103
4,1604.0709935659443,views,1,468488.3634158742
3,2251.8302631888946,views,1,982820.3747113125
1,1799.1218154681494,pool,0,885229.7789983415
4,2100.5272240922714,gym,0,760935.8892722077
1,3735.7065733291047,views,1,781645.4092923121
1,1837.0477203042876,none,1,649658.2355220569
2,3048.8208813360375,views,0,957672.5336868153
4,2642.2268098959485,pool,0,597007.0023058893
4,3486.5202441319166,none,0,504414.1678959156
2,4715.733826961411,pool,0,330428.2695452728
3,3796.5744374461265,views,1,828964.5218088464
1,1467.2317036584054,none,0,787555.1456604732
5,640.324107775781,gym,1,507484.0308193079
1,1680.188199349213,gym,1,220154.7311673835
1,3177.8506881511466,none,1,871197.8621744086
3,731.4161606791265,none,0,209134.3867632589
1,2733.6481124055636,pool,0,762959.8237032407
2,3185.7928201260015,none,1,976205.6877808457
2,2004.0975086763237,pool,1,550129.0625185628
4,3969.1049168561985,views,1,387978.7239967622
5,979.6921391019731,pool,0,763896.8080347053
1,838.1200178111394,none,1,853702.5136124681
1,3776.8494029162152,none,0,637144.2528622779
3,2729.710922927893,views,1,973628.2202049169
2,3597.8107839248123,none,1,241334.97732636888
5,2456.723023716858,none,1,603836.4786436225
4,1608.8091495759807,gym,0,774763.1578580401
2,4185.960429533899,gym,0,890112.3769193431
4,4097.371455360407,views,1,343404.489526232
3,3626.1341188449205,pool,0,840002.7854109452
3,1724.653117534832,gym,1,642165.6605748362
1,3156.038000910892,pool,0,517242.9455919706
5,2124.3825362301204,none,0,305372.02286327485
4,912.1193299698537,gym,0,892236.6071271299
2,4627.911089580092,views,1,325818.5665437723
3,1115.6838391353263,views,0,447830.2873672794
1,4776.068092193611,views,0,432036.4255699495
1,2507.025978310801,gym,1,897131.2273526834
4,1333.0981797737884,pool,1,738162.3953671184
3,2938.5542632026118,none,1,837345.1177530979
5,4428.2562614438375,pool,1,400374.31903399917
3,3795.0119888430254,pool,0,699899.2796855991
4,4129.525165376524,none,0,657396.7865149989
4,3464.525150198228,none,0,866264.3014306169
3,3615.244540330336,gym,0,924869.6483850084
4,4321.380432043937,gym,0,209725.41718190943
3,1623.5060398663368,gym,1,739215.9352470342
2,2702.412336394132,gym,0,241468.6392957832
3,1495.44248818821,gym,0,639086.9320618848
3,4944.506035984911,none,0,430106.18323494255
4,4748.267028589759,pool,1,445421.27961771295
4,677.4206511582765,gym,1,482366.8027618853
1,3675.088276320598,gym,0,697033.9592396881
1,4663.617428370496,pool,1,467239.9725350154
2,1312.5890530730007,gym,1,786159.2404722243
1,3055.7535374868326,pool,1,523621.90845909575
3,4619.697339146188,pool,1,254682.5602479669
4,652.7569036360948,none,1,827007.8739872858
1,3638.3912026107796,views,1,428606.65967416484
1,1838.0705331764784,none,1,546213.5036794101
2,4659.782879194387,views,0,748355.1065775212
2,4869.762103244155,views,0,465964.9257189696
3,4749.199201010452,views,1,245268.5249173725
4,2633.963974958587,gym,0,499136.83761025086
2,4379.19192945191,none,0,955558.8661554428
1,4300.472293407816,views,1,713387.5178388465
4,1935.9521295946504,pool,0,737183.3189337655
4,4230.119633678049,gym,1,705825.7229101119
1,666.5343562197168,none,1,359193.7111675494
2,3183.214453169239,views,1,534667.091281824
1,1535.0397677946637,pool,0,800751.8386906546
4,1042.5509859977547,none,0,281098.3180425273
5,846.2894073314412,none,0,422282.2208717698
5,3633.299491451629,gym,0,421055.2867726829
3,2029.4373369562977,none,1,545615.1420756048
1,3761.4504718794265,gym,1,984294.9927537481
1,794.1035335952406,views,0,254002.03734705754
3,1918.8065202377466,gym,1,614960.795504476
3,2927.7108156890176,pool,1,343491.7456097684
3,4058.254241775336,gym,0,976541.2363277953
4,1934.3862631943146,pool,1,290642.80378197134
1,3316.5111939665408,gym,0,522880.801889273
4,4486.8998670628425,none,1,790307.9878676849
3,3271.3843468203704,views,0,763643.5424219562
1,1548.317636391352,pool,1,538182.9095151458
4,609.8035170044211,gym,1,477219.33436217456
4,4415.444932554185,gym,0,518089.90284229646
3,595.7123488267421,gym,0,411421.0105269114
1,4436.157527078897,none,0,364266.3509654398
3,2880.217103122454,none,0,586431.758047112
1,4725.804643308033,pool,1,414827.00485408586
5,4094.5245609814942,pool,1,429969.3319178001
2,4990.703497400019,none,0,725404.8507796456
2,2078.203169532696,pool,1,974829.8653599138
2,3952.347300190071,views,0,682909.7604475
3,2308.6891112415897,views,0,261583.573651973
5,2659.44029136759,none,1,260466.89108325358
1,3323.7745844826654,pool,1,961138.5766764528
4,4431.547013838524,gym,0,437832.63224586693
1,4928.375611396828,views,0,273653.58886598033
4,3957.2303623903317,none,0,679235.6697203052
1,2379.950519753002,pool,1,698919.0226322128
5,2396.1065102468156,none,1,718803.8560949506
4,3819.120357150012,gym,1,413921.622286033
3,1574.4971559573605,views,1,212088.54737158003
1,997.133509091276,none,0,972012.2955635774
1,2095.7997093834947,none,0,400714.43655288196
4,1792.5754624433678,none,0,740821.030442038
3,1833.3865420519553,gym,0,765303.8959029677
3,1551.2348797245947,none,0,688005.9336635885
5,689.4193533636285,gym,0,450325.9153709186
3,580.4327063003622,gym,1,416877.0030112526
3,4944.750753812142,gym,1,678134.6261621625
3,2424.9791018113806,views,0,892876.5068893532
2,2229.4699122185675,views,0,957386.9831387164
5,3558.4127721188142,none,1,284724.6435230061
1,1482.1424953927888,none,1,323862.8900781759
4,4774.825327776014,views,1,955789.0070264637
1,4038.552564869984,pool,1,789228.1826678341
5,902.3495104051678,views,0,906395.0598638185
4,2379.1134910321775,gym,0,362106.1073082745
5,4456.032384029741,views,0,670068.6968875215
3,4751.2941003113465,gym,0,760911.675533979
4,2603.306800624414,none,0,744089.5083575781
3,3260.3512514481845,pool,1,526521.3526933584
1,1251.6527574143386,none,0,212315.91335304678
1,4960.2588176163945,gym,1,666340.8454434106
4,1542.5226562254952,gym,0,402481.23134368705
4,4742.292983608066,gym,0,560203.3969143123
5,3423.409920465658,pool,0,966064.8120670539
5,3234.815576954866,views,0,519228.2541139478
3,2807.098299574289,none,0,871841.2853315413
4,1538.014152729914,none,1,350832.4845994009
1,1294.3761440247872,views,1,737968.398420023
5,1492.1879408157893,none,1,981605.5635511548
5,1338.9721796491453,pool,0,281514.4806983494
1,4008.13013105039,none,0,206655.9537817536
5,2075.5636662502857,gym,1,546866.2341060915
3,760.2920445352836,views,0,274100.38644109375
4,4860.961835633651,pool,0,798707.4797409851
1,4477.036482335416,views,1,931638.9310788471
4,4674.885274378458,pool,0,547216.778167007
5,4977.085201908959,gym,1,406969.31372435275
5,1282.5286214876928,views,0,547522.6552052877
1,2283.0890850619644,none,1,778758.2542800008
3,3912.073140668411,pool,0,207243.32926429677
2,3632.092781242065,views,0,671563.1915877578
1,1192.5315785293478,none,1,690633.3479099033
2,4171.24906245778,views,0,710150.5975167484
2,1509.9825732649729,views,0,393617.66398470174
3,1507.179266701804,views,1,771242.1787025013
2,2916.384903020361,pool,0,273113.1890654211
2,3168.2297067876643,none,1,359416.26917344064
3,3110.38793527015,gym,0,901976.0373235855
2,911.6907682898969,pool,0,790978.5205812531
2,4448.573881836712,pool,0,210996.4432090762
2,1695.2001916491772,pool,0,398701.0082958402
1,1082.817145772619,gym,1,371525.1863945316
1,4499.366359410397,none,0,416645.06242957804
1,4800.43174203389,none,1,398047.81622390915
3,4379.574277694528,none,0,250021.0365942766
5,4142.822336261952,views,0,567152.4132774563
2,3448.5889128755975,views,0,786186.7798289321
2,2978.858167741127,views,0,685385.3797739492
3,891.4404196013456,gym,1,738297.3348784639
2,2338.0394588181443,views,1,264919.3428289913
1,2177.098326555413,gym,1,961192.5681414298
5,1668.892026921468,none,1,870793.4670744198
4,3755.390511598632,views,0,844072.2547965301
2,2731.440807854469,views,1,858387.044033414
1,864.7079715844156,pool,1,946168.406506209
4,1490.824408774151,gym,0,635403.1728909581
5,3574.6644364681815,none,0,360225.6142941007
4,842.5888677063508,pool,0,693426.8862820329
1,4330.431113219459,pool,0,794305.1949343511
4,2728.1593715628846,none,1,790333.9146832203
3,2662.639597969916,pool,1,617159.2193335041
4,3165.8350309678294,gym,0,254766.97546686244
2,4211.064346663172,gym,0,496890.35074410227
2,2065.141435559869,views,0,936613.2867706859
3,3551.072686515786,pool,1,667559.1278059408
1,3045.79383798106,views,1,630665.5546045707
2,1701.627215762396,pool,0,415082.8115057548
5,4453.834938598211,gym,0,494759.1359332631
2,4088.4170972311763,gym,1,916276.8713225354
2,3463.0332559629146,gym,0,733170.4380214686
1,4327.617780924089,pool,0,829909.6214018663
4,4402.823904319111,gym,1,563476.338454124
2,3687.6333952176565,pool,0,704197.7755649263
3,4266.559977636524,views,1,398706.886994566
4,3638.621577511776,pool,0,764368.664226789
5,3560.6334729213518,views,0,542081.0669626698
1,3283.7512019683295,pool,1,554036.4118517964
5,3887.2248780093855,views,1,719457.8596615053
4,1213.7229738188316,gym,0,949024.4971751414
4,4463.918416395178,views,1,251205.07728689673
4,4423.295874853544,gym,0,859794.5898776061
5,631.6127736555161,gym,0,433906.4883297545
4,4216.175377541433,views,1,555135.5636051022
5,1079.9144036305033,pool,0,217530.66302000717
4,2008.0348441661386,pool,0,440836.86226745043
3,3845.7871533122348,none,1,602104.9941041043
4,1223.4195322173869,pool,1,244940.86187795122
5,4180.8516085357805,none,0,592876.5835065321
2,4244.6038008098385,pool,1,941688.5030867419
4,2783.604801923763,pool,1,284314.5744862442
2,528.7364227257511,gym,1,811552.5824604034
3,1791.6715992871075,none,1,527736.8427007941
1,3276.17113269084,pool,0,724138.9716194705
3,4915.337801123405,none,0,408189.27838818345
4,3343.1608715750076,gym,0,327593.81003308663
2,1669.1161147887192,gym,1,328370.09141698113
2,3353.025663948251,none,1,256393.55651451572
5,2929.9342087213495,gym,1,348517.36392099445
2,4009.304278180146,views,1,731375.5079911746
5,981.4128747213128,views,1,905352.4894748065
1,3924.6255612591262,gym,1,851300.5484729295
4,2935.699604042496,views,1,748107.4478995872
5,4833.464017365476,pool,0,288345.49072888214
1,2038.4247471740873,none,0,431349.9570367599
2,3346.7985191027665,pool,1,447845.5002579752
2,4694.126474795079,none,1,399965.557118097
1,961.2937759580566,gym,1,612004.5277677785
2,4717.52819256403,pool,0,628443.051903738
1,3595.48575035366,gym,0,485508.78013688815
5,805.2667659732736,gym,1,483031.3269891488
5,1854.3360512606732,none,1,862844.4783248651
1,3686.774398903767,none,0,831434.2786557485
5,803.0777066094727,none,0,446236.6653445965
5,3119.76707079323,pool,0,931030.7550986074
5,2056.4737562883056,views,0,962252.0136020049
3,3294.119829953647,none,1,461394.0336240326
4,705.8391521563078,none,0,483539.9590344439
2,4421.915627685694,pool,0,604507.3227375671
3,4880.700361298286,none,1,952896.6500269388
5,4859.950348785612,pool,0,901055.5465138492
1,3873.433242843161,gym,0,282054.37006687187
5,1085.388080587844,none,0,514184.59461713297
4,3912.1843816806017,none,1,642696.9517998175
5,610.6411240646069,gym,0,602505.9780412321
1,599.5559818804877,gym,1,355090.4543495141
4,1956.2459861729355,gym,1,887053.4169345237
5,2698.8943568209957,none,0,741552.6263974699
4,3966.8333801350695,views,0,870326.6998814428
2,3574.8291947292732,views,0,887011.4234795778
2,2506.5621786953675,views,0,798684.6829325918
5,1731.3199982674964,none,1,551368.4809997738
4,4987.0602507097,gym,0,688437.4040123397
1,2417.815860061878,none,0,328292.3248957945
5,2531.24160948354,gym,0,738916.3339799262
2,1236.3071953625113,none,1,343402.6045914246
2,4076.6429693746823,none,0,755159.6724081255
5,3621.570016016699,gym,0,383678.52860317496
4,1493.4632575494218,views,1,294041.040120176
2,870.7147052712921,gym,1,332227.59211436595
4,3562.246859336209,pool,0,201593.7081752562
2,3445.3004642651085,pool,0,774991.6942828242
2,1729.667871491942,gym,0,785920.8392467033
3,4778.886030126847,none,0,611946.6799306076
2,1179.760513014051,pool,0,329090.24084430694
1,2445.5066046917086,pool,1,266843.4700085518
5,4746.271640754195,none,1,215303.1731498296
5,2388.7729261675504,none,0,332598.54157217656
4,3373.366764488385,views,0,912684.4279865174
2,2289.174790832574,none,1,393229.4733613454
1,1733.968410569015,gym,0,483417.0617737725
4,4927.899415819227,gym,0,284276.38758506655
3,2342.0030284176937,views,0,377889.04379853624
4,4523.446416556105,pool,0,615379.6566241641
4,1534.7957265098878,pool,0,686202.1464765221
2,1458.9711681128747,none,1,396281.85133296886
3,640.1033729803012,gym,0,246185.72738009377
4,3432.5007141914825,pool,0,512826.29530191893
1,2158.368546756925,views,0,387362.69674106734
1,4389.6121242783665,views,1,375643.13858384156
5,2629.4445801120073,gym,1,967890.2421707642
3,4856.870425616248,views,1,693040.3887405792
3,1334.864820664045,views,1,645502.7545376767
5,4408.804255800249,gym,0,532620.0828186575
4,3994.6858375628376,none,1,543155.4667441153
3,3969.148300898234,none,0,632724.0030704646
1,4301.524526525995,views,0,757143.8456288858
1,3924.607959243495,none,1,761716.8769454636
2,3317.991447341369,none,1,337355.1261643596
3,1090.6019495707442,views,1,600090.2016613015
4,646.3678077106337,none,1,529566.4760272815
5,4643.815315170591,views,1,896421.5730155073
5,3274.926415343321,pool,0,705135.1369747012
4,4084.4178093927935,gym,1,626003.2531327854
2,2666.8505818064755,gym,1,292315.7137431339
5,1027.8868503307751,none,1,684510.3114587292
3,1063.336064911477,none,0,293763.12454418675
2,3585.0437925303713,none,1,469765.26045260165
3,2436.3765270475824,gym,0,314273.5718514655
1,1402.3612701515153,pool,1,753658.9176194951
2,2712.175460336466,pool,1,365001.69106892205
5,788.9402168381034,gym,0,513487.4985504208
2,3118.8713086147945,pool,1,916539.8220950229
2,1710.4703199579394,gym,0,363453.1067191762
2,4089.0159528673466,pool,0,606244.0511670234
2,1896.628815156082,views,0,535417.3289328176
3,2548.4906708681056,views,1,214499.23283658377
1,552.2924295864528,gym,1,834206.4908582502
4,826.010995075515,pool,1,255236.72505167976
2,2266.221003830082,none,0,579404.0167815629
5,2659.724756227056,pool,1,648542.63595116
2,3200.0924665368666,views,0,702741.1652916697
5,1812.4816041918646,views,1,750905.3034463004
3,3627.4184875694414,pool,0,402617.9068181721
5,4370.550787351421,pool,0,207983.0213267595
4,4009.329450020074,none,0,778754.9298839296
1,678.2847140676072,none,1,628525.2794780629
5,2662.2812626602304,pool,0,868894.162565799
5,972.1858028817869,pool,0,857110.6903205555
1,1589.2025713813737,pool,0,874660.9342303065
4,4939.981669702159,pool,0,588075.7279836321
2,1141.2299430568096,gym,0,466902.71666949254
5,2744.996690531102,pool,0,833246.562073096
1,3281.7008044315357,none,1,561035.290423404
3,3661.092367448468,views,1,346753.7571227476
1,3018.4190756911134,gym,0,883979.2156491794
3,543.9688133863265,pool,1,906047.9014178778
4,1969.0758870979635,views,1,573047.8049121362
2,2829.7023952312015,gym,0,260559.78184783
1,895.39924615175,views,0,510260.871933545
5,2077.8211904413133,pool,0,842830.1275700827
4,649.4139895611495,pool,1,921419.2228369829
1,853.6032371975933,none,0,362778.19399807666
5,2286.1547429071825,pool,1,253578.8896202172
1,1097.2208931937716,pool,0,901880.3625062709
3,3053.933817177012,gym,1,511523.95118310023
1,3602.592361117696,none,0,633408.7714140506
1,4102.640145990873,gym,0,974452.6496406072
1,1400.6760991016454,views,1,253251.7823313783
4,1253.671620165814,pool,1,718654.4059616765
1,970.5552815048011,views,1,259284.33805989366
5,3363.9361229463652,gym,1,500375.1427732003
3,3679.1407691910554,pool,1,843051.6361547573
3,642.1376517153892,pool,1,546777.7862045076
1,4712.955108096604,gym,0,997745.8831223603
4,733.8707764316258,gym,1,647247.4279572817
4,2935.833508854817,gym,0,456929.7221087628
5,3690.772337529124,gym,0,376089.06072380254
1,4419.361056857386,gym,1,480416.4274289294
3,3713.3911945959253,pool,0,498026.61900764063
4,4107.776373814064,gym,1,254970.94217916878
1,2027.5258664426274,pool,1,495659.35954141855
4,4166.713011859305,pool,0,571390.8157913799
4,860.5168087310382,gym,0,778190.2017910437
3,4526.674952272375,gym,1,725383.5877772864
2,2964.165692691813,none,1,767012.5241833234
5,4177.839964831222,pool,0,206690.94550148566
5,2535.4322803323507,gym,0,374133.9196644288
3,3396.0996283843624,gym,0,729347.4307198852
4,2868.8119742125095,gym,0,587191.4945437977
1,3792.1528478989935,none,1,204250.78053467677
4,867.3349191376531,none,1,843595.7139454578
3,771.5843779575371,views,1,818247.65863227
5,1611.964553045659,pool,1,638735.3303948501
4,1217.9510605093474,views,0,253170.66062101768
5,4423.026049664908,gym,0,813212.0396260677
1,1486.4629431111994,none,1,666970.8701850912
5,4891.393651186091,none,1,825567.9817263674
5,2016.031062969981,views,1,801397.5939166723
2,1319.530620599147,none,1,842401.6575662697
2,4053.6432821411563,gym,1,614406.4531236999
2,3464.1849897539423,none,1,312259.61455481197
5,2741.880724039125,views,1,736925.978703751
3,2999.1359792193407,gym,1,696379.0280415765
5,3736.4080022251874,views,1,793802.5497592697
3,1528.0463359908442,none,0,335904.80484058824
3,4983.502622255339,views,1,355980.1599202314
2,4886.569229660524,views,0,912327.6137754628
4,3426.465588561216,pool,0,799982.2387616567
1,1397.9410291811532,none,1,926582.7909602583
2,3561.027090940811,none,1,806972.2569311366
2,824.8928404062913,views,0,677724.2447922415
4,637.9362599261273,pool,0,723306.1896222989
1,1659.5729983004617,none,1,911302.339152008
5,2581.8033053269232,gym,0,663045.4036095524
5,4407.226274337712,views,1,705913.0594627099
2,3772.260813948386,none,1,325181.3728028805
1,3842.179345399915,gym,1,579136.9760928822
2,2414.720005016339,none,0,773117.6895664792
3,2056.707466461333,gym,0,416754.15865309234
2,2169.6744334307123,views,1,361803.3444196279
2,4944.42303681226,none,0,451061.44657953246
5,680.4913613561712,none,0,393200.5023942668
5,4401.641732551018,pool,0,371930.1096291167
5,3104.03933857577,views,0,539880.6742944695
3,2473.7693863531567,gym,0,926270.8111068272
5,3763.6594718681145,none,0,605647.7173909746
1,2690.0102364111626,none,0,350336.3046522584
4,4430.404571367473,gym,1,261577.33550469927
1,4553.158388050663,views,0,756924.9161103402
1,2397.7441709305494,pool,0,506239.0115491103
5,1745.7250875577322,pool,0,857464.7572682874
4,3165.57647867013,none,0,727608.6149126162
4,4605.635055275109,gym,0,836993.1604330948
4,1447.9798505254996,none,0,417556.831534759
3,3303.3496260356724,gym,0,753887.1379688465
5,3342.0209904163426,pool,0,411249.587754975
4,3799.0086008687645,views,1,951254.7835602333
3,1092.0545830726692,gym,0,709099.4252266996
2,3721.2123410693985,pool,0,459609.44014027365
2,4590.646342995385,none,0,415609.4898338181
3,1308.573989916089,gym,0,352741.2680573148
3,1568.9449621574495,views,1,755712.7671149822
5,4871.277923187378,none,1,374972.49039834185
5,1314.396287192704,none,1,676242.6127419912
2,4344.7329201631055,pool,1,411708.0215402859
4,2715.2503540161565,gym,1,729575.1558350949
2,1612.5398348142967,none,1,851951.7828324314
4,4418.374555726301,views,1,822420.1945157226
4,2503.873647511995,gym,1,808681.0647446254
5,2816.678092683606,views,1,350177.92455380165
1,2116.550162298946,none,1,270707.95758761495
1,3168.2788314571735,views,1,759159.0627899085
3,1235.8574266326025,pool,1,494677.77103548107
5,2259.8669149329235,views,1,545876.9811226779
4,4862.355450508794,gym,1,224919.27423471285
1,1661.6004471550739,views,1,407661.1594200394
4,3455.3149904358147,views,1,226941.1230995712
1,1963.3552890111268,pool,0,903348.6180809981
1,3980.629065589703,views,1,394717.3465748244
1,1088.9314732325743,views,0,645869.7356584065
5,4864.194702853451,none,1,231183.45652890432
2,2542.052936226377,none,1,733477.9130445265
4,1562.2270850590878,gym,0,458421.8766032751
5,830.735362985057,none,1,918335.3495661326
5,1263.9105728939335,none,0,910494.5511472287
5,2838.9827685020796,none,0,460232.4946893982
5,2016.5142939407883,none,0,920768.7165523743
5,4229.975146471743,pool,1,996926.138799023
3,2438.993856478127,none,1,860332.5312991585
4,1619.2142266443345,pool,1,875897.0782041831
5,3277.152439718135,pool,0,399206.98888727196
4,3680.4974759845063,none,0,661361.9190862051
3,1251.6885855542744,views,1,253804.73117389428
3,1254.2864732974294,pool,1,275934.3494573358
4,665.0214212009433,views,1,999114.0896266325
1,3813.8090677953824,views,1,461311.3995407288
2,3487.120374298123,none,1,798547.1296390771
1,2635.8389408741623,gym,0,845332.0424214532
1,4298.767020361387,none,0,886418.6168057834
1,4125.51568827524,gym,0,998102.6379217252
5,3134.0946397853845,gym,1,393197.1882054943
3,4407.220762309664,none,0,232280.66148775976
1,1426.285445165457,none,0,528953.2143956688
3,1003.6382872897755,gym,0,304064.5358631576
4,1713.8732518264533,none,0,217940.7113296441
2,756.8908524019168,gym,0,488341.4617131889
4,2890.262876004644,views,1,826990.6008601892
4,4714.7256153273265,none,0,652944.5529800567
5,677.0459330082934,views,1,450222.39136828325
2,1049.4946130451206,pool,1,723473.6043941758
4,2534.8956272754585,views,1,385614.54424704856
4,4702.437578875572,views,1,211505.15685766801
2,1922.7024723953773,gym,1,811482.7091491419
2,2782.556639097766,views,0,698994.4678912072
4,687.0778657267645,none,0,809842.099600768
2,1167.5444043293999,gym,1,231150.4133501325
4,4939.835553314811,pool,1,869695.7022645217
4,4843.034133962205,none,1,695620.9600290427
5,522.2299142048432,pool,0,650716.2805701122
1,4783.153034404575,views,1,699691.2384916253
4,3376.0397201697515,none,0,891546.5974946913
3,4405.6323253401,none,1,669549.2052471256
1,2546.329350352366,pool,0,664760.3039105434
1,2820.182128606626,none,1,992543.3256526126
1,2699.809611156141,none,0,805384.1336548544
5,3500.8891589574696,none,1,553835.0443609082
4,1128.430646403408,views,0,765917.6000263422
5,634.8811544270508,pool,0,511384.3773534308
4,1885.6847371603592,none,0,383100.3699867992
5,3671.06343231491,gym,0,677481.5015102075
5,1408.3405345532676,gym,0,942545.6784911612
3,3530.445949962128,gym,0,943311.6160123702
5,4864.604207482717,gym,0,473524.22248439223
2,922.5532210523827,views,1,622141.972977356
3,3526.7095320130684,none,1,369308.71885588893
5,2496.87598687057,pool,1,996504.8875991068
1,4406.640144698775,none,1,984894.3262943486
2,1297.1740525132366,views,1,719607.1437659578
2,3616.81678501774,gym,0,843531.2477419787
2,4271.518803416496,views,0,772080.12902696
3,4750.763987633105,none,0,674526.5752315745
5,3574.6161273034063,pool,0,242678.39759111815
5,2737.286438037923,views,0,563811.4740421288
1,3280.3125809054623,pool,1,739829.0417339284
1,4410.072430154232,views,1,742025.2911069477
2,3067.7438598747335,pool,1,498498.0947379069
1,636.7417686357659,pool,1,953353.5893264244
3,4689.2691297814,gym,0,333885.6257894248
5,3602.870379642025,pool,0,600287.5569724485
2,3544.310235997609,gym,0,752707.1812406583
1,1470.5381857897273,none,1,757708.6447134474
3,3464.9846160469574,none,0,718911.1654150524
3,2272.389825443713,gym,1,420230.57076148817
1,3430.5483966867146,gym,0,324965.2549492976
5,979.6686363859583,views,0,708752.2614613688
1,3460.303870713662,views,1,679441.6929115502
2,4997.361765967999,views,0,343484.80823139276
1,716.9541748725021,none,0,764111.3164564506
3,4897.283828995928,views,1,564137.5933869251
1,2331.0858232529176,pool,0,734208.4732825223
5,4418.390526517666,pool,1,869893.6638161206
4,4020.734678262231,views,0,335782.74286153854
1,3051.573174440005,pool,0,215315.89439746935
5,3823.021441630969,none,0,823282.0691166294
5,4453.3200258560655,pool,0,687757.9401220927
3,2318.6314474296487,none,0,759711.6556976973
5,1971.649227034574,gym,0,870523.979990914
5,3504.170235036131,gym,0,842248.7478596003
5,4135.306738735664,gym,0,968736.1175430598
5,3930.283106494771,gym,1,628748.0630816945
2,4090.1614198638554,pool,1,590796.5061279243
2,2460.1249166581983,views,0,521509.75991258404
3,4180.253972787597,pool,0,322952.83427536365
1,1040.940749167738,none,1,658085.786305618
5,2950.2009408238227,pool,0,421610.019460783
1,525.9139722415471,pool,0,937046.0097703803
1,1960.6362345512164,none,1,666552.6434216781
3,2149.07690692129,gym,0,674272.1444064882
5,2282.7771122416493,gym,0,483939.728701608
5,3629.60243010438,gym,1,241591.481582166
4,2248.5114557165557,views,0,225395.0122983909
1,2519.1213018013877,none,0,538668.115322558
1,1568.9485889344735,none,1,267652.3024777903
2,2179.63306233203,pool,0,685477.5644321113
4,1522.7133226841815,views,1,904778.4045117259
2,829.3816569579964,gym,0,906331.8532149778
2,3215.5186702162005,views,0,727236.3281057859
2,3506.9575934975733,none,1,368985.4651783448
3,3287.706557043265,none,1,890397.4650870976
3,2585.723197102576,pool,0,908874.7482505665
2,2209.0360108065343,pool,1,357322.86796236696
4,4385.001423073214,none,1,789940.8686165418
1,2835.8680331129813,gym,0,429215.63914169837
4,2656.3184493337894,gym,0,842112.2498823437
5,615.3892961289606,views,0,997790.3199228821
3,2035.6152243177037,none,1,224020.80426351426
1,2210.880284536357,none,1,917892.6926327455
1,2294.702514036052,gym,1,698104.4268789265
5,3110.7756615229955,gym,1,978706.095331857
5,2901.211460270953,none,0,572007.614021142
2,3235.572917570501,pool,1,877910.344457099
3,3941.9746769395774,none,0,249915.25487862178
3,4158.435824222421,none,1,468223.24006263656
4,3731.553843019225,gym,0,253613.23020096798
2,4799.856631797206,gym,0,980274.5067832564
2,582.0466220436274,pool,0,853579.1258174693
2,1381.0009355759576,pool,1,882037.9369967764
2,534.0329374016395,views,0,950372.1851471154
3,3413.6362136957136,none,0,268082.7888958283
3,4541.137470274942,gym,1,508478.0740106667
2,1595.6703345933468,pool,0,256827.9112352017
4,4671.6554515833795,views,1,368634.4812400229
1,771.2032563030239,views,1,383492.6216301379
1,4704.962120624814,gym,0,575285.7688380629
4,2082.302092578355,gym,0,414849.7339629141
2,956.3937280214743,views,1,280782.48545420886
3,2686.4229163384653,pool,0,333992.8712752862
1,1655.4945547422858,views,1,317820.4508416727
5,1781.9280588286526,none,1,978461.4383298387
5,1882.8048421682895,none,1,807434.0055347789
4,4113.616540246985,gym,0,974209.1722156496
2,2926.225745038645,pool,1,551792.3892063268
1,1900.8846462020165,pool,0,422694.78533012525
2,3246.5020248991327,none,0,838634.5577673493
1,3722.678034004371,views,0,461003.13443291746
4,1726.8080033009019,gym,0,439506.6989642786
4,2360.970956864082,views,1,386004.7937662649
5,1048.487420016264,views,0,303743.18257938826
2,1315.1720729060614,views,1,405170.4488134128
5,3565.0303428424227,pool,1,484255.79877911013
2,1316.4725646303214,none,0,739195.3665165843
5,2863.2352265017707,pool,1,250051.87377556125
3,3690.708177750947,none,1,368405.55173227435
3,980.9461539263473,gym,0,847218.9122333411
3,3052.904988330066,gym,1,317537.5388670166
3,1654.532526656137,views,1,474116.1172180172
1,4833.170938569109,none,1,891727.1374865121
3,2675.9554102396614,none,1,323940.24891475413
4,4126.966473988212,none,0,266189.4684945519
4,2976.019439703178,views,1,587630.3960640086
1,695.3563978466863,views,1,441935.6090228291
3,3349.1811901731007,gym,1,650726.6915870833
3,4781.315039929957,pool,1,843043.9123867801
3,3207.2531906584904,none,0,309718.7905221945
5,4186.349867420556,none,1,664559.267643428
2,4478.929085067835,pool,0,604407.0083118911
5,1526.3589737701961,none,1,315263.02881055966
2,1454.20177958702,views,0,699198.7884231859
3,3249.4144498294627,views,0,418912.3342886173
3,2349.6281141301715,none,0,590267.45483521
5,4279.375862900241,views,0,265817.8594216495
5,4550.104055291051,views,0,567667.2457708984
2,2090.3962068622313,none,1,445170.77443425625
4,1565.9175153851693,gym,1,857904.9689482835
2,4012.3648185973784,pool,1,245582.98159789463
5,1736.6271599666125,views,0,534885.819934664
5,4201.764433311553,gym,1,566745.1393051504
1,2406.8221414194327,views,0,780004.861039295
5,3503.974546811617,views,0,659430.0600721688
1,929.9089122560068,pool,1,733769.8697553448
4,3307.3669610445786,views,1,821639.4285214049
2,2532.954554317531,pool,0,889762.378926551
2,3139.7380842896337,pool,0,451100.3973779764
1,1256.0639348518853,pool,1,630418.1642911223
2,3815.9318522488197,gym,1,872086.4627513599
5,4382.586848944528,none,1,991560.9047720451
3,1475.3291004084904,gym,1,911615.4488350105
1,930.7154998407277,none,0,497173.81009950145
2,606.3736372085137,none,1,356133.2137749203
1,3388.871751994697,pool,1,591514.0299252709
1,3231.9231623995133,views,1,793313.1614688338
3,2960.138357213315,pool,0,594055.256602638
5,1543.7619325218893,views,0,586544.6906509348
1,2259.0769815748163,none,0,870584.3368654405
2,3175.1435083377787,pool,0,489123.02325374907
4,2735.4508648662622,views,1,887835.7398493165
1,4945.034840966993,gym,0,525443.8407613789
1,1113.9788865052992,views,1,462586.48454267153
3,3628.150493214172,pool,1,563191.9289597592
5,2319.4344564693147,gym,1,809957.5669398948
4,2426.8982671652666,views,1,300801.62229119544
2,3729.189945461793,views,0,357135.3726976139
4,3615.9626809596634,views,0,961155.8605304735
2,4960.651971659848,views,0,340393.3019050859
5,1077.7743025435634,views,1,654181.8543448437
2,968.4934222287485,gym,1,663451.5733295502
3,3759.524677079335,none,1,591699.5696401958
3,3102.741126528841,gym,1,715796.1988614548
3,1733.7229995191265,gym,1,383861.38063809474
3,857.3871604504398,gym,0,642129.8142213986
4,885.4621231839374,none,1,497738.60419751774
5,4523.858935988532,pool,0,729333.8077033513
2,1363.402961234343,none,1,312978.83469851955
2,1955.1720295198434,gym,1,656701.933471581
3,1519.953810021446,views,0,348216.28430665896
3,2097.483376243718,views,0,422914.4504920291
1,812.4072923574201,gym,1,374967.84025886655
5,2835.7690590872166,views,1,346270.2238950537
4,804.2565361649671,gym,1,860568.7612485336
2,4101.604285200627,views,1,428566.0541287123
1,1551.7043685969486,none,0,941699.0254915594
1,2930.053615720298,pool,1,975941.2202761527
2,4460.355894026562,pool,0,657008.3759496779
4,3428.948160712374,none,1,314400.89813258115
1,2898.310039481009,none,0,499638.594703665
1,1959.5018890191902,gym,0,838185.8106785712
5,1998.5086087618906,gym,1,493912.58295765636
4,3512.6912983918555,gym,0,269613.774642231
1,4973.6271254952535,views,1,645427.9287425503
4,3478.2763543222036,gym,0,876096.6811968278
2,3010.025378165112,none,1,836741.1097148019
3,3787.9272960766075,pool,0,340098.5121042826
1,2593.4252552767316,views,1,738211.6915299734
5,770.6405417035335,gym,1,376403.4107485177
2,3030.335671450594,views,0,374566.0276417378
4,4809.313780274211,views,0,899257.4186441482
2,1288.8632406094684,gym,0,399735.1621921841
1,3605.0220086929958,views,0,410597.87721440895
4,1404.201598965754,pool,1,200522.71260903965
3,2911.224580128866,none,0,896535.2273004141
2,935.0440234102383,none,1,834075.8505673078
1,2526.669213161833,pool,0,701863.1480725424
5,3902.7349800286074,views,1,800212.6111510738
4,2064.0718590754195,gym,1,321638.8539395934
2,3492.102760192481,views,1,566658.8756700603
2,4079.5248235537815,pool,1,480975.5098790247
3,4672.300187657537,views,0,275021.2210056132
3,1555.889368349541,none,0,588904.3881719392
5,2296.9216211418866,views,1,936591.7202741083
5,1185.8720599868784,pool,0,232047.2952405556
1,4966.175759712689,none,0,433168.73079503514
1,4671.504355659329,views,1,366032.7489645628
5,2929.807086262518,views,0,390517.3229325571
5,4289.149824693895,none,0,926747.6415035002
4,2844.31089772419,gym,0,574455.2433874321
3,3306.135596012419,none,1,573039.5303518551
1,901.0599445220748,gym,0,808460.5139642259
3,3898.7168922356354,pool,1,323593.76320394065
3,1074.7106763585566,pool,0,589812.2832800406
5,4217.304336136378,none,0,543988.1712968478
4,4019.1263945167366,none,0,677528.5524373249
2,3689.351139843394,pool,1,999646.1626003509
4,662.7217123614296,gym,1,815559.1152656376
4,1864.0776017539788,pool,0,518292.5624139417
3,1684.006564598793,none,1,862042.4418192375
4,2120.613833621836,pool,0,336566.6906499842
1,894.3923604372735,none,1,224370.9490471681
3,4716.310203639782,none,1,363558.69797141844
1,2992.110083205693,pool,0,472329.2448914077
2,1874.859397961106,gym,0,608464.6059676479
3,2286.4168268342755,views,0,692103.3124329599
2,2512.4114322717605,pool,0,928484.5737715374
3,3202.6745001227778,views,1,607883.2076403662
5,2820.55742463424,pool,1,601020.5157005836
4,4637.263879464878,views,1,240194.4078583857
5,2736.335673076236,gym,0,227929.24212497903
2,4964.711066704907,gym,0,640927.9695330977
4,4331.412309852931,pool,1,550542.8905986756
3,1438.2973146080112,none,0,871344.3159842389
4,4687.678465897623,views,1,328543.66776947613
1,1023.6487904846424,none,1,219977.32969363968
4,4178.523688210362,none,1,559231.0143441007
1,2212.80482064461,none,1,389982.845401806
4,4450.884442002813,gym,1,239691.49867106997
1,4406.255105483527,pool,0,779678.6294781031
2,4126.664300529295,pool,0,289274.39996579796
5,4055.1369633817762,gym,0,686655.6000062174
3,1871.0561259411836,gym,1,424839.8001335113
4,864.1367737306348,pool,1,338796.8402840176
5,2313.410804443227,none,1,503801.21833545394
3,1280.860317439289,views,1,841156.620978363
3,3627.2799000610776,views,0,513674.86152365815
1,2057.448769420035,views,0,800615.7193688445
2,4890.245903869617,none,1,300389.0374393206
2,3384.3743480539943,pool,1,818217.1357320633
5,4201.1625363546245,gym,1,389546.6599253189
2,1096.3610273383179,pool,0,741914.5039110982
4,4379.0651702268015,none,0,652625.2438727971
2,4652.407357310274,gym,0,943315.7737693499
5,2691.7786346852117,none,1,509858.01438025123
2,3228.1382198793985,views,1,252932.15106755236
4,3941.6441040634795,views,0,215324.38844100232
1,1286.7738226718566,none,1,861486.8487782025
5,2761.5473440854907,gym,0,619788.5101291458
1,2293.983624975409,gym,1,820195.2414679594
1,1158.682964730121,pool,0,387540.48000921175
1,2153.9049003118917,views,1,476066.996410587
3,806.775392234721,pool,0,224083.09776905517
3,616.1535812726914,pool,0,969193.8596592897
1,1108.2483011967024,none,0,734294.3253606508
5,4834.018002151282,none,0,946564.070207445
4,2972.882911527576,pool,0,412397.1259432578
4,4846.19972518949,views,0,689170.8889805287
2,2446.240452485594,none,1,742799.9746341102
5,1903.1725988836681,pool,1,454039.7602060707
3,2777.6383827810982,pool,1,878487.3880125041
1,2477.802598848096,pool,0,957729.1703201983
2,975.4910791778476,pool,0,907884.0941568034
4,3383.718416105928,pool,1,791253.580751498
3,1472.1718212931983,pool,0,421971.74377996323
3,3288.145797040233,none,0,425292.83368450543
1,3425.90491579169,views,0,970688.2563568304
4,1184.1118390789165,pool,0,208227.59674855362
5,776.0733219980067,gym,0,772839.9785937156
3,4013.427137307979,none,1,764996.9300442097
1,2569.1019069619406,none,1,698151.6327598379
5,761.7370797746411,pool,1,992087.0768694927
4,4976.898427263952,none,1,449503.54861098016
3,760.0125244836499,pool,1,471977.49103459856
5,3627.658529863489,views,0,263151.52235724445
5,4926.555163685362,views,0,554238.50923499
5,1576.3104689716652,none,0,408838.8209878785
3,1140.1221590923828,none,0,474709.3617421154
3,1046.23222740093,gym,1,867657.4322045022
2,1864.73816405418,none,1,948387.6108219966
4,954.7061495479102,gym,1,348586.45760414854
1,3614.7260376235936,views,0,498007.1452427727
5,780.3130915852821,views,1,942904.4496923153
2,2792.3995766740536,pool,0,249446.7685513781
1,4985.135842338395,views,1,273888.4224891028
2,4162.866212777084,gym,1,330232.7913649835
3,3268.487472039549,none,0,676170.2673014998
5,1878.1412935397525,pool,0,320377.81680479797
1,3307.531263312373,gym,1,974461.1051605868
1,2871.686587602432,none,1,557371.6218068162
1,2417.3752275066718,pool,0,601214.3682801331
1,1088.1966953308977,views,1,397326.89264432515
1,4489.7189685821,gym,1,576768.2019477868
2,2524.0309196959515,none,0,729530.9061096092
5,1375.801303193443,pool,1,800941.7095632342
3,2154.917078947803,pool,0,803094.4661679304
3,2363.583886380172,views,1,662312.8901552707
3,4223.920530050935,none,0,923487.8199950858
3,3801.2647125263093,views,1,853926.2778448875
2,3961.8720213860292,views,0,805638.4917589003
4,549.6406899289125,none,1,244484.4173443685
5,2372.6929918089268,none,0,205502.36977571945
1,2666.0486823589563,none,1,369957.8217563784
4,586.3652457037551,gym,1,730818.8751307619
3,1669.159439352654,none,1,528957.9911060366
4,3921.3042040496075,pool,1,521925.0074394494
5,1116.9936757804958,views,1,907669.510583691
1,2908.8955915366623,gym,1,916450.278505471
1,1468.4084240775687,none,1,927340.2112428686
5,554.5434858975198,gym,1,451102.4612120219
5,1585.4065591979368,none,1,752844.6501914094
3,4891.431897095242,gym,0,417306.5450194957
1,4106.9170034734525,views,0,352487.8664595598
4,4818.09489944465,views,1,347705.96587789536
2,2695.343197668631,pool,0,473686.09669087525
2,993.8128940487658,pool,1,543966.0958238574
5,2965.817700381618,none,1,864759.3368440547
3,2544.6980055198237,views,0,295912.8747781697
2,4299.6068723282715,gym,1,787940.6779159154
1,941.3716135291006,gym,1,625163.9313514442
5,2697.0851165980016,gym,0,430356.27414079395
4,1175.2189911229293,pool,0,594255.6676262596
5,1961.0416710052698,gym,1,439953.65582161816
4,3818.1068482450983,pool,0,676865.5641906448
5,2642.081582159449,pool,0,547075.1382841954
5,2191.4972831559617,none,1,331524.423263103
5,2275.143253565159,gym,0,293266.4596445574
4,2567.5104578269397,gym,0,637356.5456577041
4,4032.574447266756,views,1,921930.4266288828
5,4514.381100231055,none,0,475166.1492461484
2,4799.006089267677,views,0,786400.0857780986
3,4041.065238148828,none,1,726929.0839518135
3,1919.3310308660573,gym,1,945243.9314475848
3,3596.60617738944,pool,1,856784.8138393126
4,2469.214058249264,pool,0,653284.2071243704
4,1646.0177992072304,pool,1,725624.3985872859
2,4283.922107416652,pool,1,918709.173267228
3,672.9185703304624,pool,0,519615.0276695478
3,4557.928964609406,views,1,461435.7646862219
5,2576.6485908113036,none,1,208648.86690815707
4,3367.406645637262,gym,1,861240.8593531714
3,3467.092649926022,views,1,840784.5603226919
2,4528.029833179414,none,0,283563.6144801211
2,3365.013569752433,pool,1,661485.9049061602
3,3262.7011314202778,none,1,571185.3585335099
4,799.9341825231048,none,0,294967.2764072892
2,2832.8360987534184,pool,1,984454.5816485789
5,1175.7605036766874,pool,0,371756.7099706844
2,3818.451959246685,pool,0,253787.3440724489
1,2804.9986436570352,gym,0,675877.9036015277
1,3561.02500643759,pool,1,791093.3417064261
4,687.5280527107292,gym,0,225954.75683774956
3,881.5640722061145,pool,0,726974.1109816177
